firstname,lastname,email,pseudo,date,inscription_date,address_id
Patrice,Clarkson,pclarkson0@myspace.com,Mikal Cronin,06/08/1947,03/12/2019,54
Gerri,Madden,gmadden1@reddit.com,Disclosure,13/09/1940,02/05/2017,229
Darice,Anthon,danthon2@stanford.edu,Disclosure,18/08/1922,29/12/2019,123
Myron,Daltry,mdaltry3@gmpg.org,Arctic Monkeys,13/08/1941,10/07/2018,1
Chrysler,Grahl,cgrahl4@illinois.edu,Warpaint,28/12/1907,23/11/2018,244
Marigold,Gregolotti,mgregolotti5@fc2.com,Duck Sauce,26/08/1958,28/02/2022,210
Hattie,Adamov,hadamov6@cloudflare.com,HAIM,17/08/1988,21/02/2016,55
Catriona,Luxen,cluxen7@twitter.com,Tycho,09/07/1992,19/11/2018,98
Danella,Baribal,dbaribal8@microsoft.com,Jagwar Ma,29/06/1917,13/08/2019,190
Larry,Asipenko,lasipenko9@foxnews.com,Big Freedia,17/05/1979,17/08/2022,250
Marissa,Ferrarello,mferrarelloa@bluehost.com,CHVRCHES,15/08/2009,06/07/2017,123
Perkin,Wilstead,pwilsteadb@reference.com,Lykke Li,19/11/1920,30/12/2016,93
Petra,Wiltshier,pwiltshierc@economist.com,Flume,29/05/1972,04/02/2016,36
Orson,Melonby,omelonbyd@imageshack.us,The Districts,19/02/2017,24/08/2019,62
Shaun,Boxhill,sboxhille@zimbio.com,Gold Panda,19/06/1937,07/03/2021,111
Sarge,Kalinsky,skalinskyf@cam.ac.uk,Phosphorescent,05/08/2002,16/08/2021,187
Ivonne,O' Brian,iobriang@hao123.com,Atmosphere,15/03/1992,06/07/2015,128
Clem,Haddeston,chaddestonh@rambler.ru,Christopher Owens,23/05/1901,24/08/2022,226
Caril,Grove,cgrovei@slate.com,Woods,29/12/2002,08/02/2017,218
Ealasaid,Sleite,esleitej@soup.io,The Killers,21/03/2003,06/05/2016,137
Starla,Van den Bosch,svandenboschk@yellowbook.com,The Kooks,23/01/1921,08/04/2020,14
Cissiee,Rudiger,crudigerl@weebly.com,Kanye West,22/08/1957,11/02/2023,40
Jasen,Nurse,jnursem@ucla.edu,Spoon,25/04/1939,21/01/2021,12
Fernandina,Aggett,faggettn@blog.com,Arcade Fire,30/08/1918,18/11/2017,41
Norbie,Yoell,nyoello@wufoo.com,YACHT,13/05/2016,14/09/2018,76
Jess,Dyneley,jdyneleyp@moonfruit.com,M.I.A.,29/01/1976,25/12/2018,188
Javier,Ellin,jellinq@indiegogo.com,Dusky,19/07/1996,01/03/2016,107
Jacqui,Cabrara,jcabrarar@csmonitor.com,George McCrae,30/06/1937,26/06/2015,26
Maighdiln,Mussen,mmussens@blogtalkradio.com,ODESZA,20/10/2012,07/12/2019,55
Jacquetta,Deighan,jdeighant@bluehost.com,Phantogram,19/09/1986,02/05/2020,204
Willie,Fannon,wfannonu@globo.com,Joe Cuba,03/06/1990,31/05/2019,30
Ikey,McGlaud,imcglaudv@dailymotion.com,Hot Chocolate,22/05/1993,03/10/2021,225
Delora,Landsborough,dlandsboroughw@eepurl.com,Cathedrals,09/08/1934,13/06/2022,141
Margarete,Abrahim,mabrahimx@businesswire.com,ASTR,07/10/2003,16/03/2018,52
Anni,Pellitt,apellitty@ted.com,Kanye West,14/03/1924,28/12/2017,85
Eve,Clapston,eclapstonz@sciencedaily.com,Jagwar Ma,18/06/1993,27/11/2021,18
Deirdre,Trigwell,dtrigwell10@flickr.com,Migos,20/02/1999,28/08/2018,36
Sheila,Charnock,scharnock11@yelp.com,Cayucas,17/08/1987,01/01/2021,143
Eba,Tschierasche,etschierasche12@stanford.edu,Shabazz Palaces,24/08/1977,02/12/2017,22
Orella,Cantrell,ocantrell13@nsw.gov.au,Virgo,03/11/2013,06/07/2019,156
Branden,Rous,brous14@discuz.net,ZHU,02/05/1901,23/11/2020,61
Queenie,McVeagh,qmcveagh15@go.com,Future Islands,29/08/1910,14/10/2022,249
Pamelina,Alldred,palldred16@squidoo.com,Musical Youth,13/03/1985,10/10/2022,103
Sashenka,Amiranda,samiranda17@salon.com,How To Dress Well,16/02/2001,21/10/2020,180
Arabelle,Spittall,aspittall18@opera.com,Prince,28/05/1929,07/11/2017,223
Yoshiko,Piercy,ypiercy19@newyorker.com,Nightmares On Wax,22/08/1930,29/10/2021,41
Heidie,McOrkil,hmcorkil1a@google.es,20th Century Steel Band,12/11/1997,31/01/2020,78
Darline,Arne,darne1b@hp.com,Travis Scott,01/08/1993,06/04/2017,235
Urban,Vasyatkin,uvasyatkin1c@ocn.ne.jp,Cloud One,26/10/2009,12/12/2021,201
Jarrod,Packington,jpackington1d@vinaora.com,Grimes,25/02/1938,17/11/2021,13
Thacher,Endicott,tendicott1e@nsw.gov.au,Eric Burdon,18/05/2021,08/08/2021,21
York,Sandell,ysandell1f@thetimes.co.uk,Marvin Gaye,03/01/1935,07/11/2017,80
Trixy,Galbraeth,tgalbraeth1g@123-reg.co.uk,Barry White,06/09/1954,12/03/2017,88
Dani,Caines,dcaines1h@omniture.com,Rick Ross,06/01/1910,12/12/2022,177
Phoebe,Defries,pdefries1i@ustream.tv,Ty Segall,12/06/1981,11/01/2020,81
Christye,Bannon,cbannon1j@goo.ne.jp,Autre Ne Veut,01/03/1984,11/07/2020,97
Muire,Diggin,mdiggin1k@loc.gov,Wet,11/10/2000,29/09/2019,1
Silvia,Troup,stroup1l@rediff.com,Marcos Valle,13/07/1935,04/10/2022,202
Lynelle,Harrinson,lharrinson1m@answers.com,ASTR,23/02/1913,26/10/2017,13
Brigham,Geany,bgeany1n@yelp.com,Blood Orange,04/03/1926,11/05/2016,65
Windy,Pudney,wpudney1o@friendfeed.com,Foxygen,08/05/1984,31/05/2022,29
Marty,Van Castele,mvancastele1p@purevolume.com,Tove Lo,15/12/1931,29/05/2015,89
Nevile,Tedstone,ntedstone1q@cafepress.com,Jimi Hendrix,27/04/2011,15/05/2022,132
Tybi,Neighbour,tneighbour1r@mozilla.com,Chrome Sparks,24/04/1941,09/12/2017,103
Mechelle,Lathwood,mlathwood1s@wordpress.org,Azizi Gibson,12/07/1954,06/10/2019,129
Cortie,McLagan,cmclagan1t@google.cn,D. Gookin,10/09/1940,15/04/2021,22
Cass,Borrowman,cborrowman1u@discovery.com,Blu,28/02/1915,11/09/2018,35
Tam,Duval,tduval1v@meetup.com,Amy Winehouse,03/04/1979,25/11/2018,86
Vaughn,Styan,vstyan1w@fda.gov,Grimes,23/07/1987,28/12/2015,170
Dalt,Husbands,dhusbands1x@cyberchimps.com,James Blake,28/09/2014,04/06/2018,239
Aksel,Reddie,areddie1y@vistaprint.com,areddie1y,05/10/1960,02/08/2015,136
Karyl,Fitzpatrick,kfitzpatrick1z@vimeo.com,kfitzpatrick1z,22/04/1985,09/05/2020,154
Garret,Welchman,gwelchman20@mozilla.com,gwelchman20,05/01/1967,29/11/2020,229
Nowell,Blades,nblades21@privacy.gov.au,nblades21,29/12/1940,16/07/2019,134
Olympia,Lilburne,olilburne22@creativecommons.org,olilburne22,24/02/1912,31/08/2017,58
Haley,Nolton,hnolton23@fda.gov,hnolton23,17/04/1918,21/06/2016,67
Ringo,Hintzer,rhintzer24@themeforest.net,rhintzer24,27/05/1966,28/10/2016,214
Court,Hargate,chargate25@nih.gov,chargate25,27/11/2004,10/10/2019,50
Jenda,Mayall,jmayall26@hostgator.com,jmayall26,02/08/1999,12/05/2022,167
Seamus,Szymaniak,sszymaniak27@ucoz.ru,sszymaniak27,28/12/1992,11/09/2017,152
Tillie,Dauby,tdauby28@php.net,tdauby28,06/09/1978,06/09/2021,33
Joy,McCurtain,jmccurtain29@nih.gov,jmccurtain29,02/07/1917,01/11/2016,219
Mimi,Caller,mcaller2a@squidoo.com,mcaller2a,12/07/1919,16/06/2016,218
Eloise,Cuthbertson,ecuthbertson2b@nationalgeographic.com,,22/08/1996,19/08/2020,115
Karin,Jordan,kjordan2c@pinterest.com,,06/02/1952,08/01/2017,94
Griselda,Woodthorpe,gwoodthorpe2d@foxnews.com,,14/10/1987,01/08/2020,165
Timi,Tolwood,ttolwood2e@washington.edu,ttolwood2e,29/09/2012,12/05/2023,249
Zolly,Woodroff,zwoodroff2f@rambler.ru,zwoodroff2f,11/04/1914,04/02/2016,110
Lew,Wapples,lwapples2g@yelp.com,lwapples2g,25/12/1989,21/11/2021,201
Osborn,Flexman,oflexman2h@reddit.com,oflexman2h,31/05/1929,19/09/2018,49
Inna,Wortley,iwortley2i@photobucket.com,iwortley2i,17/11/1928,23/08/2016,167
Courtenay,Hellyer,chellyer2j@sakura.ne.jp,,16/03/1958,15/11/2020,143
Charin,Ballendine,cballendine2k@newsvine.com,cballendine2k,13/03/2018,26/10/2017,23
Pammie,McNamee,pmcnamee2l@bandcamp.com,pmcnamee2l,23/05/1961,21/12/2021,164
Billye,Cluely,bcluely2m@yahoo.co.jp,bcluely2m,01/04/1944,27/12/2018,62
Vania,Witt,vwitt2n@friendfeed.com,Future,17/05/1953,15/04/2018,162
Brande,Alloway,balloway2o@netscape.com,Childish Gambino,08/06/1915,26/01/2018,94
Dominic,Bordiss,dbordiss2p@netvibes.com,Future,08/04/1928,03/01/2018,193
Lennie,Eliez,leliez2q@marriott.com,Beach House,07/06/1964,22/11/2021,114
Wang,Goch,wgoch2r@trellian.com,Junior Boys,06/08/1977,30/07/2017,2
Philippe,Bartrap,pbartrap2s@uol.com.br,Drake,11/05/1948,21/07/2018,196
Obadias,Elderbrant,oelderbrant2t@businessinsider.com,Drake,06/12/1998,08/02/2022,170
Judi,Douglas,jdouglas2u@thetimes.co.uk,Omega,02/01/1916,07/11/2018,53
Pren,Lamartine,plamartine2v@techcrunch.com,Death Grips,05/02/1992,23/06/2017,70
Norton,Soaper,nsoaper2w@wiley.com,Honey Claws,06/09/1923,15/09/2018,222
Amalie,MacNelly,amacnelly2x@cnbc.com,The Avalanches,01/07/1940,19/04/2021,225
Eolande,Hedau,ehedau2y@patch.com,Modern Folk,19/02/1940,03/08/2019,76
Ermentrude,Dowbiggin,edowbiggin2z@last.fm,Erkin Koray,25/07/1999,01/04/2020,118
Merci,Pibworth,mpibworth30@topsy.com,Lil Yachty,22/12/1929,16/05/2018,82
Edlin,Semonin,esemonin31@desdev.cn,PNL,06/12/2004,16/01/2023,17
Mendie,Rolston,mrolston32@mapy.cz,Crystal Castles,13/04/2005,26/01/2023,96
Jarvis,Murtimer,jmurtimer33@loc.gov,New Order,24/05/1925,04/05/2020,111
Rancell,Rains,rrains34@ibm.com,Funkadelic,06/09/1984,07/01/2019,150
Ermin,Sandever,esandever35@constantcontact.com,Chief Keef,16/10/2002,12/02/2021,182
Homer,Stearley,hstearley36@printfriendly.com,Le Youth,24/04/1972,03/01/2016,91
Elysia,Copnell,ecopnell37@tiny.cc,Cajmere,04/02/1983,05/04/2019,21
Brooke,Simonaitis,bsimonaitis38@vk.com,The Rapture,24/03/1911,25/10/2022,15
Max,O'Driscoll,modriscoll39@cafepress.com,Young Thug,20/03/1911,13/11/2019,4
Starlene,Jeanon,sjeanon3a@usatoday.com,Ty Segall,07/04/1910,05/08/2020,188
Pooh,Latchford,platchford3b@desdev.cn,Myron & E,21/01/2000,06/02/2021,91
Adoree,Cussins,acussins3c@infoseek.co.jp,TR/ST,26/02/1970,25/09/2015,28
Clarke,Phin,cphin3d@cyberchimps.com,A-Trak,18/06/1938,30/09/2018,129
Jillana,Duguid,jduguid3e@apple.com,Crystal Castles,10/01/1968,18/06/2016,27
Debi,Neville,dneville3f@google.co.uk,Rae Sremmurd,26/04/2003,17/01/2022,127
Colby,Trubshaw,ctrubshaw3g@google.ru,Father,28/08/2016,28/09/2016,41
Niven,Hatchman,nhatchman3h@wired.com,2milly,14/04/2021,16/05/2022,219
Ferd,Hambribe,fhambribe3i@illinois.edu,Ty Dolla $ign,27/01/1940,06/12/2020,36
Dominique,Bewlie,dbewlie3j@cmu.edu,Young Thug,26/07/1905,04/04/2017,152
Adella,Moat,amoat3k@xinhuanet.com,Young Thugissim,20/06/2019,29/06/2017,125
Stephannie,Overstreet,soverstreet3l@tinyurl.com,Santigold,05/05/1948,29/08/2019,230
Christel,Boulter,cboulter3m@oracle.com,Young Thug,13/03/1961,13/02/2023,144
Nelly,Greenaway,ngreenaway3n@blogspot.com,Three 6 Mafia,23/12/1977,09/12/2020,57
Cherri,Haughian,chaughian3o@latimes.com,Drake,26/01/1949,12/01/2019,52
Chery,Lewcock,clewcock3p@163.com,Rockwell,12/11/1924,25/04/2022,247
Millard,O'Brien,mobrien3q@census.gov,Disclosure,15/11/1902,09/08/2015,202
Elyssa,Dineen,edineen3r@lulu.com,ILoveMakonnen,11/03/1908,07/09/2017,115
Ethe,Barthel,ebarthel3s@webs.com,Riff Raff,13/08/1925,11/10/2018,17
Bobbette,Broscombe,bbroscombe3t@macromedia.com,Kanye West,12/10/1961,20/07/2016,201
Eloisa,Duchenne,educhenne3u@seattletimes.com,Young M.A.,15/10/1911,24/09/2021,30
Emlyn,Jahnisch,ejahnisch3v@list-manage.com,Mark Morrison,07/06/1942,05/01/2023,84
Ogden,Signorelli,osignorelli3w@youku.com,William Onyeabor,13/06/1956,11/10/2022,5
Jocko,Fessler,jfessler3x@godaddy.com,Dr. John,08/03/1912,10/09/2021,113
Faun,Benedek,fbenedek3y@state.tx.us,T. P. Orchestre Poly-Rythmo,06/04/1981,04/04/2016,206
Garnet,Kornel,gkornel3z@drupal.org,Ebo Taylor,02/02/2018,09/01/2020,191
Mikkel,Cranmere,mcranmere40@shop-pro.jp,Neon Indian,16/02/1996,31/05/2021,163
Lula,Paterson,lpaterson41@jugem.jp,Future Islands,10/08/1903,15/01/2022,163
Wylma,Wolton,wwolton42@a8.net,Leon Bridges,01/03/1910,19/07/2016,163
Diandra,Huikerby,dhuikerby43@lycos.com,Beach House,07/12/1950,30/05/2015,139
Erich,Brittan,ebrittan44@huffingtonpost.com,Post Malone,10/05/2008,28/05/2019,30
Friedrick,O'Kerin,fokerin45@yolasite.com,Jamie xx,15/05/1989,08/04/2020,221
Angeli,Ilyas,ailyas46@dyndns.org,A$AP Rocky,14/07/1993,04/11/2020,176
Constance,Pulham,cpulham47@friendfeed.com,Vince Staples,27/10/1953,06/05/2020,164
Johan,Eastes,jeastes48@hubpages.com,Best Coast,19/12/1915,30/01/2020,21
Innis,Wardrop,iwardrop49@hc360.com,Ariel Pink's Haunted Graffiti,09/08/1945,19/04/2019,107
Luke,Getty,lgetty4a@nhs.uk,lgetty4a,07/04/1972,04/09/2021,154
Lindsay,Ruckert,lruckert4b@sfgate.com,lruckert4b,12/01/1934,14/06/2019,112
Gustaf,Shakelade,gshakelade4c@google.com.au,gshakelade4c,24/10/1919,03/02/2023,58
Peggie,Stainfield,pstainfield4d@nih.gov,pstainfield4d,12/11/2006,27/06/2018,55
Lorine,O'Kerin,lokerin4e@latimes.com,,02/04/2002,11/02/2016,122
Pacorro,Molloy,pmolloy4f@nytimes.com,pmolloy4f,23/03/1937,02/06/2020,87
Aline,Sweetmore,asweetmore4g@tiny.cc,asweetmore4g,06/03/1957,06/03/2017,238
Christian,Meadway,cmeadway4h@unblog.fr,cmeadway4h,06/10/1966,12/03/2019,112
Blaine,Aylesbury,baylesbury4i@digg.com,baylesbury4i,16/08/1993,14/11/2016,7
Sallie,Brayford,sbrayford4j@home.pl,,25/02/1909,02/01/2022,107
Lonny,Torres,ltorres4k@google.com,,19/01/1911,28/11/2022,23
Merrili,Van den Oord,mvandenoord4l@springer.com,mvandenoord4l,01/11/2004,17/07/2020,235
Salvidor,Van Velden,svanvelden4m@google.co.uk,svanvelden4m,20/12/1973,30/10/2019,57
Niki,Slate,nslate4n@prnewswire.com,nslate4n,23/10/1920,07/03/2017,177
Zaneta,Aughtie,zaughtie4o@imdb.com,zaughtie4o,14/10/1983,13/05/2021,145
Edsel,Dixon,edixon4p@sun.com,,16/07/1991,24/07/2022,201
Bryanty,Vicarey,bvicarey4q@imgur.com,bvicarey4q,28/02/1911,15/01/2016,240
Raddie,Fradgley,rfradgley4r@multiply.com,rfradgley4r,01/09/1960,16/08/2020,81
Patten,Keyhoe,pkeyhoe4s@cpanel.net,pkeyhoe4s,04/11/1968,07/02/2023,140
Timmie,Bruins,tbruins4t@utexas.edu,tbruins4t,07/06/1929,12/09/2021,222
Henderson,Cicco,hcicco4u@ucoz.com,hcicco4u,20/07/2022,03/02/2023,213
Fannie,Wallworke,fwallworke4v@narod.ru,fwallworke4v,24/11/1984,19/03/2022,16
Gaven,Neeves,gneeves4w@oaic.gov.au,gneeves4w,30/05/2002,11/09/2021,240
Rianon,Hawket,rhawket4x@zimbio.com,rhawket4x,10/11/1925,15/06/2015,234
Corny,Barlthrop,cbarlthrop4y@webs.com,cbarlthrop4y,19/11/1928,26/02/2020,98
Tad,Aldrich,taldrich4z@reverbnation.com,,08/11/1978,30/06/2018,190
Esta,Burker,eburker50@devhub.com,eburker50,27/05/1949,04/07/2019,93
Stefania,Chedgey,schedgey51@hhs.gov,schedgey51,18/10/1906,19/06/2020,85
Archibaldo,Josland,ajosland52@cloudflare.com,ajosland52,26/03/1956,16/09/2021,122
Dollie,Welton,dwelton53@ezinearticles.com,dwelton53,22/08/2019,01/08/2022,77
Liva,Espinola,lespinola54@umich.edu,lespinola54,07/05/1990,10/08/2020,71
Layla,Kenward,lkenward55@last.fm,lkenward55,07/08/1937,26/12/2022,119
Benedikt,Waything,bwaything56@soup.io,bwaything56,04/01/2006,05/05/2018,224
Anthia,Osmint,aosmint57@merriam-webster.com,aosmint57,09/08/2013,09/05/2023,47
Chiquita,Reschke,creschke58@nifty.com,creschke58,31/07/1914,29/03/2022,115
Tobie,Fassum,tfassum59@people.com.cn,tfassum59,02/10/1937,21/10/2015,203
Rossy,Bavridge,rbavridge5a@photobucket.com,,01/09/1924,24/08/2020,138
Padget,Vedeshkin,pvedeshkin5b@reddit.com,pvedeshkin5b,28/11/1915,21/07/2019,75
Roxane,Lundon,rlundon5c@ehow.com,rlundon5c,04/11/1975,10/12/2015,97
Constancy,Cardello,ccardello5d@ftc.gov,ccardello5d,22/12/2021,06/10/2015,78
Miguela,O'Lunney,molunney5e@nih.gov,molunney5e,07/08/2010,14/05/2023,227
Matthus,Nuccitelli,mnuccitelli5f@amazonaws.com,mnuccitelli5f,03/07/2019,26/10/2017,128
Wendel,Zelland,wzelland5g@mac.com,wzelland5g,03/11/1999,15/03/2023,105
Jason,Ulyet,julyet5h@globo.com,julyet5h,29/10/1904,15/02/2022,228
Thain,Acott,tacott5i@mapquest.com,tacott5i,15/08/1993,13/03/2020,233
Ram,Bus,rbus5j@go.com,rbus5j,09/09/1913,16/12/2018,16
